Название,Цена
Смартфон Apple iPhone 11 128GB Black,9706
Смартфон Apple iPhone 11 128GB White,9706
Смартфон Apple iPhone 11 128GB Yellow,10627
Смартфон Apple iPhone 11 64GB Black,8401
Смартфон Apple iPhone 11 64GB Green,9939
Смартфон Apple iPhone 11 64GB White,8401
Смартфон Apple iPhone 12 64GB Black,11701
Смартфон Apple iPhone 13 4/128GB Blue,12140
Смартфон Apple iPhone 13 4/128GB Green,12140
Смартфон Apple iPhone 13 4/128GB Midnight,12140
Смартфон Apple iPhone 13 4/128GB Pink,13285
Смартфон Apple iPhone 13 4/128GB Red,12140
Смартфон Apple iPhone 13 4/128GB Starlight,11800
Смартфон Apple iPhone 13 4/256GB Blue,16147
Смартфон Apple iPhone 13 4/256GB Red,16147
Смартфон Apple iPhone 13 4/512GB Blue,17202
Смартфон Apple iPhone 13 4/512GB Midnight,17202
Смартфон Apple iPhone 13 DUOS 4/256GB Midnight,14197
Смартфон Apple iPhone 13 DUOS 4/256GB Starlight,14197
Смартфон Apple iPhone 14 128GB Blue,14081
Смартфон Apple iPhone 14 128GB Midnight,13830
Смартфон Apple iPhone 14 128GB Purple,13920
Смартфон Apple iPhone 14 128GB Red,14081
Смартфон Apple iPhone 14 128GB Starlight,14081
Смартфон Apple iPhone 14 128GB Yellow,14108
Смартфон Apple iPhone 14 256GB Blue,15315
Смартфон Apple iPhone 14 256GB Midnight,17623
Смартфон Apple iPhone 14 256GB Purple,17623
Смартфон Apple iPhone 14 256GB Red,17623
Смартфон Apple iPhone 14 256GB Starlight,16836
