Название,Цена
Apple MacBook Air 13 2020,18990
Apple MacBook Air 13 2020,18990
Apple MacBook Air 13 2020,18990
Apple MacBook Air 13.6 2022,21990
Apple MacBook Air 13.6 2022,23990
Apple MacBook Air 13.6 2022,23990
Apple MacBook Air 13.6 2022,23990
Apple MacBook Air 15 2023,27590
Apple MacBook Pro 16 2023,79990
Laptop Apple MacBook Air 13 2020 Gold,18990
Laptop Apple MacBook Air 13 2020 Silver,16990
Laptop Apple MacBook Air 13 2020 Space Gray,17790
Laptop Apple MacBook Air 13.6 2022 Midnight,22490
Laptop Apple MacBook Air 13.6 2022 Silver,22490
Laptop Apple MacBook Air 13.6 2022 Space Gray,22490
Laptop Apple MacBook Air 13.6 2022 Starlight,21990
"Ноутбук 16,2"" Apple MacBook Pro 16 A2485, Космический серый, M1 Max with 10-core CPU and 32-core GPU, 64Гб/2048Гб, macOS Monterey",79990
"Ноутбук 16,2"" Apple MacBook Pro 16 A2991, Space Black, M3 Max with 16-core CPU and 40-core GPU, 48GB/1024Гб, macOS Sonoma",95990
"Ноутбук 16,2"" Apple MacBook Pro 16 A2991, Серебристый, M3 Max with 16-core CPU and 40-core GPU, 48GB/1024Гб, macOS Sonoma",95990
